res_id,res_name,res_addr,res_city,res_contact_no,res_cost_for2,res_details,res_rating
100,Punjabi Kitchen,Chandni Chowk,Delhi,9855553365,550,Veg and NonVeg,8.6
110,Kolkata Biriyani,College Street,Kolkata,7853458952,500,Biriyani(Veg and Nonveg),9.5
120,Aminia,Rajarhat,Kolkata,8653263635,750,Biriyani,9.2
130,Hell's Kitchen,Lock Gate,Noida,7896513548,560.50,North Indian Food,8.5
140,Taj Hotel,Jogeshwari,Mumbai,7006548976,2500,Multi Cuisin,9.8
150,Arsalan,Balichak,Midnapore,9635789875,250,Chinese Items,7.8
160,Spicy Corner,Malad,Mumbai,8953353543,560.50,Non Veg,8.7
170,Desi Kitchen,Battala,Midnapore,7823532631,650.5,Continental,8.9
180,Family Corner,Station Road,Noida,9996567567,465.67,Mughlai anf Chinese,9
